Burger King,255joanj,4. august 2021,"Det er den ringste oplevelse stod der inde i 20 min , der var 3 g√¶ster i caf√©en udover os. Men vi fik ingen betjening, valgte at g√•. Fra r√•der denne butik. Var der d 4/8 kl 21",1
Burger King,892annwofie,12. december 2020,"Det er mere reglen at vi ingen oplever ringe service, kold mad og fejl i bestillingen. Det er ogs√• en b√∏vlet bestilling, da vi er to ud af fire som √∏nsker forskellige ting ude af vores burgere. Jeg f√•r gerne jeres personale til at l√¶se op, men alligevel er der ALTID fejl. I dag var vores burgere tilmed kolde og vores Chili Chesse havde ligget alt alt for l√¶nge og holdt varme. Derimod var vores hotwings ufattelig kolde og seje. Det er ikke et sted man f√∏ler sig velkommen som kunde - ej heller et sted man g√•r fra med et smil.",1
Burger King,Srn1234567890,30. december 2019,"K√∏rte i drive-in for at f√• et par burgere, vi ventede ca 30 min fra vi k√∏rte ind til vi fik leveret made ",1
Burger King,janhR1062QF,15. november 2019,Skulle jeg da aldrig have gjo ,1
Burger King,Restorff,20. juli 2019,Brugte drive-in. Faldt for deres whopper tilbud. Da vi kom hjem og skulle til at spise. Var det tydeligt at b√•de burgere og pomfritter var ‚Äúgamle‚Äù. Og havde ligget i lang tid og ventet p√• at blive solgt. Vil ikke anbefale at du spise her. Det er i hvert fald sidste gang jeg har bes√∏gt Burger King i Silkeborg. ,1
Burger King,938s_renm,17. december 2018,Der var travlt. Mange i k√∏. Lang ventetid efter bestilling. Det virkede som om drive-thru blev prioriteret og som om ordresystemet var ned ,2
Burger King,Helle S,27. maj 2018,"Vi har v√¶ret ved Bruger King i Silkeborg 4-5 gange og der er altid lang ventetid - ikke just hvad man vil kalde Fast food. Efter ca. 15 min. ventetid i drive-in i dag f√•r vi vores bestiling leveret og k√∏rer hjem med maden. Vi har bestilt 3 menuer, men der er kun 2 burgere i posen. Det er anden gang, at vi kommer hjem med mad fra Bruger King i Silkeborg hvor der mangler noget af bestillingen. Derudover var brugerne slaskede og kedelige. N√¶ste gang v√¶lger vi et andet sted.",1
Burger King,Carsten L,11. maj 2018,Lidt hurtigt mad uden gl√¶de og charme. Sl√∏v betjening og ikke mange kunder.  Og alligevel lavede de fejl i bestillingen.,1
Burger King,Holgaardjens,18. oktober 2017,K√¶re burger Ki ,1
Burger King,Demir D,18. juli 2017,maden var kold og der manglede dyppelse til. colaen var uden brus. der var ingen i k√∏en s√• nej det havde ikke travlt. folk hyggede bag disken istedet for tjekke om maden var varmt og frisk.,1
Burger King,255joanj,4. august 2021,"Det er den ringste oplevelse stod der inde i 20 min , der var 3 g√¶ster i caf√©en udover os. Men vi fik ingen betjening, valgte at g√•. Fra r√•der denne butik. Var der d 4/8 kl 21",1
Burger King,892annwofie,12. december 2020,"Det er mere reglen at vi ingen oplever ringe service, kold mad og fejl i bestillingen. Det er ogs√• en b√∏vlet bestilling, da vi er to ud af fire som √∏nsker forskellige ting ude af vores burgere. Jeg f√•r gerne jeres personale til at l√¶se op, men alligevel er der ALTID fejl. I dag var vores burgere tilmed kolde og vores Chili Chesse havde ligget alt alt for l√¶nge og holdt varme. Derimod var vores hotwings ufattelig kolde og seje. Det er ikke et sted man f√∏ler sig velkommen som kunde - ej heller et sted man g√•r fra med et smil.",1
Burger King,Srn1234567890,30. december 2019,"K√∏rte i drive-in for at f√• et par burgere, vi ventede ca 30 min fra vi k√∏rte ind til vi fik leveret made ",1
Burger King,janhR1062QF,15. november 2019,Skulle jeg da aldrig have gjo ,1
Burger King,Restorff,20. juli 2019,Brugte drive-in. Faldt for deres whopper tilbud. Da vi kom hjem og skulle til at spise. Var det tydeligt at b√•de burgere og pomfritter var ‚Äúgamle‚Äù. Og havde ligget i lang tid og ventet p√• at blive solgt. Vil ikke anbefale at du spise her. Det er i hvert fald sidste gang jeg har bes√∏gt Burger King i Silkeborg. ,1
Burger King,938s_renm,17. december 2018,Der var travlt. Mange i k√∏. Lang ventetid efter bestilling. Det virkede som om drive-thru blev prioriteret og som om ordresystemet var ned ,2
Burger King,Helle S,27. maj 2018,"Vi har v√¶ret ved Bruger King i Silkeborg 4-5 gange og der er altid lang ventetid - ikke just hvad man vil kalde Fast food. Efter ca. 15 min. ventetid i drive-in i dag f√•r vi vores bestiling leveret og k√∏rer hjem med maden. Vi har bestilt 3 menuer, men der er kun 2 burgere i posen. Det er anden gang, at vi kommer hjem med mad fra Bruger King i Silkeborg hvor der mangler noget af bestillingen. Derudover var brugerne slaskede og kedelige. N√¶ste gang v√¶lger vi et andet sted.",1
Burger King,Carsten L,11. maj 2018,Lidt hurtigt mad uden gl√¶de og charme. Sl√∏v betjening og ikke mange kunder.  Og alligevel lavede de fejl i bestillingen.,1
Burger King,Holgaardjens,18. oktober 2017,K√¶re burger Ki ,1
Burger King,Demir D,18. juli 2017,maden var kold og der manglede dyppelse til. colaen var uden brus. der var ingen i k√∏en s√• nej det havde ikke travlt. folk hyggede bag disken istedet for tjekke om maden var varmt og frisk.,1
Burger King,Demir D,"July 18, 2017",maden var kold og der manglede dyppelse til. colaen var uden brus. der var ingen i k√∏en s√• nej det...More,1
Burger King,Barrits,"April 27, 2017",Mig og min lille s√∏n ventede 10-12 min. f√∏r vi kunne bestille mad. En enkelt s√∏d pige klarede b√•de betjening...More,2
Burger King,381bjarnea,"July 7, 2016","Vi ventede i godt 6-7 minutter selvom vi stod forest ved kassen, efter vi havde bestilt en xl long hot...More",3
Burger King,CarstenH248,"April 20, 2016",har du set en har du set dem alle. personalet er flinke men ikke hurtige. standard menu ligger lige ved...More,3
Burger King,Michael B,"December 13, 2015","Hurtig betjening og god og varm mad. Stedet er fint og rent, og der er gode forhold for b√∏rn med...More",5
Burger King,Jacob H,"May 15, 2015","Min √¶rlige oplevelse i Burgerking Silkeborg har v√¶ret uacceptabel.
Dette siger jeg fordi, at jeg har v√¶ret der inde tre...More",1
Burger King,Kjeld M,"January 28, 2015","Under et frokostbes√∏g blev restauranten pludselig invaderet af personale fra et slamsugningsfirma, der gennem restauranten trak en stor kloakledning, hvorefter...More",2
Koma Sushi,sofiew473,5. december 2020,"Min mad var 2 timer forsinket og kold. Jeg havde skrevet jeg ville betale med kontanter. Da maden s√• kom kunne jeg ikke betale med kontanter. S√• manden k√∏rte tilbage for at hente bytte penge. Vi ringede s√• og sagde vi ikke ville betale fuld pris da maden var kold og MEGA forsinket. Det ender s√• med deres chef ringede, os op og begynder at true og p√• livet. Udover det siger han ogs√• ‚Äújeg ved hvor i bor jeg kommer‚Äù. S√• alt i alt en forf√¶rdeligt service. IKKE K√òB DERFRA!!!",1
Koma Sushi,657jesperl,4. december 2020,Maden var bestilt til 1855 i god tid. Den var f√∏rst klar 1920 og de to meget unge gutter var pressede og meget forvirre ,2
Koma Sushi,klixbull,31. oktober 2020,Vi havde bestilt 2 menu‚Äôer. De var klar 45 min senere end aftalt og var kedeligt og ordin√¶r sushi - bestemt ikke 800 kr v√¶rd,1
Koma Sushi,jannieconstanzea,25. juli 2020,"Vi f√•r sushi fra Koma Sushi, n√•r vi skal fork√¶le os selv. Sunrise menuen med 32 stykker for 269 kr. er genial, og stykkerne er selvf√∏lgelig frisklavede. Dvs. der ligger ikke f√¶rdiglavede sushi-stykker i en k√∏leboks ved disken, og de smager spr√¶lfriskt. Vi fik wasabi, soya og ingef√¶r med i boksen (inkluderet), og der var nok til to voksne og et 8-√•rigt barn. Ebi tempura roll med spr√∏d tigerreje i pankorasp, chili-mayo og rogn er vildt god, og alle stykker er virkelig smukke. ",5
Koma Sushi,christinahS7859XT,9. juni 2020,Bestiller ikke her fra ige ,1
Koma Sushi,travelerunicorngirl,17. november 2019,Sushien var meget skuffende med ufrisk tun som var direkte uspisel ,1
Koma Sushi,Kirstine T,22. maj 2018,"Jeg er normalt rigtig glad for sushi, og derfor blev jeg meget skuffet over min bestilling hos Koma Sushi. Det smagte og lugtede gammelt, og var i det hele taget en rigtig d√•rlig oplevelse. Hvis man vil have sushi i Silkeborg, vil jeg anbefale at man k√∏ber det et andet sted end her",1
Koma Sushi,FlyKid,24. april 2015,Har bes√∏gt mange sushi restauranter i mit liv. Koma Sushi er den til dato ringeste jeg har pr√∏vet. Fisken var gammel og gr√∏nsagerne liges√•. Derudover fik vi i vores takeaway box endestykke af sushi hvilket jeg heller aldrig har pr√∏vet p√• en restauran ,1
Koma Sushi,Benny K,23. april 2015,"Rigtig god take away sushi. Venlig japansk betjening og sp√¶ndende, super l√¶kker sushi. Har pr√∏vet det flere gange, og der er rigeligt.",5
Koma Sushi,jameswC6657MO,25. juli 2016,"Et lille familiedrevet sushi restaurant. Ikke et bredt udvalg af fisk valg, men meget velsmagende sushi og mange valg af ruller. Lige i centrum, s√• nemt for alle at opleve byen indk√∏bsomr√•de. Ejerne var meget im√∏dekommende og tage en masse stolte af deres virksomhed.",4
Koma Sushi,jameswC6657MO,"July 25, 2016","A small family run sushi restaurant.  Not a wide variety of fish choices, but very tasty sushi and many choices of rolls.  Right in the downtown shopping district, so convenient for anyone exploring the city.  The owners were very accommodating and clearly take a lot of pride in their establishment.",4
Koma Sushi,MortenBR,"February 10, 2016","Having tried Sushi in many countries, then I would rate this take away place as good. Fresh fish and newly made. We have got take away more times from Koma Sushi and its generally good. If you book on the web, just use the comment area to specify any special requirements and they are good to fulfill.
I will continue to order from this place as long as they keep this good standard.",5
Koma Sushi,Jens S,"February 13, 2015","I've had my share of sushi over the past years, and after spending a month in Japan i thought coming home to 'european sushi' would bring disappointing experiences. Koma Sushi offer very limited seating in the restaurant, and I would not recommend it as the take-away option is frequently used. The quality and taske is good, the service is fast.The price/experience ratio is excellent, but not cheap.",4
McDonald's,NielsOleL,19. oktober 2021,"Vi s√• frem til at smage Jyrks Singapore style kylling burger men sikken en skuffelse, der var ingen smag af noget k√∏kken, hverken det kereanske, japanske, malaysiske eller hvad de nu pr√∏ver at bilde os ind, vi har boet i Asien i 5 √•r, og har aldrig f√∏r smagt s√• d√•rlig en ""efterligning"". Helt klart en ommer, Hr. Jyrk skulle m√•ske pr√∏ve lidt af de k√∏kkener han omtaler.",1
McDonald's,kim s,2. december 2018,"For en ""moden"" mand p√• 60, er deres digitalbestilling no-go. Trods venlig hj√¶lp fra personalet under de sidste 3 - 4 bes√∏g, er det ikke lykkedes mig at kn√¶kke koden. For et par dage siden stod jeg ved siden af en anden herre, der ogs√• havde disse problemer, og som spontant sagde: ""Nu g√•r jeg p√• BURGERKING, det er lettere og hurtigere"" - jeg gjorde det samme! Jeg forestiller mig Macdonalds reaktion vil v√¶re - det er hurtigere for kunden - det er for at give bedre service - vi oplever det ikke som et problem - vi er glade for du finder hj√¶lpen som venlig. Overskriften er, jeg gider ikke mere - BURGERKING fremover!",1
McDonald's,Jane T,10. maj 2018,9. maj 2018. McDonalds Silkeborg. Hurtig betjening men pommes frites var blege og r√• inden i. Havde bestilt en stor menu med jordb√¶r milkshake men b√¶geret var kun fyldt halvt op. Der gik vist lige hurtigt nok der.,2
McDonald's,alexprh81,6. maj 2017,"P√• vej hjem fra Boxen. McD var vel bes√∏gt p√• det tidspunkt efter kl 0030 natten til l√∏rdag. Der var lav bemanding, men den team indsats der var bagved var god, selvom det var sent. Vi ventede lidt p√• maden, men det var b√•de ok og forst√•eligt, McD kan jo ikke v√¶re p√• fuld bemanding 24/7. Alt i alt en rigtig god oplevelse. ",4
McDonald's,381bjarnea,10. februar 2017,"Fyldt restaurant med langsom betjening. Der var kun to kasser √•bne, selv om vi var mindst 10 personer i hver k√∏.",3
McDonald's,Tina J,28. januar 2017,"Vi fik kun lige lidt at spise, men der var s√∏d og hurtig betjening, selvom man kunne se at de ogs√• pakkede til drive in kunderne samtidig med os, og maden smagte fint",4
McDonald's,381bjarnea,8. januar 2017,"Vi var blevet sultne efter vores indk√∏b i Silkeborg Centrum og valgte at spise vores frokost p√• Mc Donald. Vi blev m√¶tte og betjeningen var ok, men havde vi haft mere tid havde vi valgt et andet sted.",3
McDonald's,Morten A,15. oktober 2016,"Jeg synes efterh√•nden oftere at man kommer hjem med noget forkert end at man f√•r pr√¶cis det man bestiller. Kontrollerer normalt altid om det er ok, men irriterende at skulle parkere bilen og ind og vente p√• de rigtige ting imens det andet s√• bliver halvkoldt. Sidste bes√∏g fik jeg ikke kontrolleret indholdet ordentligt og kunne s√• smide halvdelen ud derhjemme. Skuffende og spild af penge...",2
McDonald's,Jimmiandersen123,16. juni 2016,"En helt regul√¶r MC D, der nu engang er som en MC D skal v√¶re. Fint legerum. Maden smager udem√¶rket ligesom alle de andre MC D, s√• alt i alt ok mad, der smager godt til en ok pris",4
McDonald's,Karsten S,19. februar 2016,En hurtig burgermenu midt p√• dagen - ikke en sp√¶ndende oplevelse men man kan jo ikke lade v√¶re. Du f√•r hvad du forventer -s√• er det jo OK.,3
McDonald's,danwen888,"July 11, 2018","There was a long, long line of cars in the drive-thru so we went inside to order.  This was the first time placing my own order on a computer kiosk.  It took a couple of tries before I was able to complete the order since we only understand English.  We just ordered beverages and fries.  Unfortunately, the fries were not fresh cooked.  They were not hot or crispy but warm and a little limp.",3
McDonald's,Jakob-B1974,"February 17, 2016","McDonalds is normally not my place, but our son wanted to go there on his birthday. 
We thougt we could have a salad or so, but the do not serve Salads any more??!?. Only their lousy burgers and nuggets.",1
Italiano,ttolborg,6. november 2021,Vi bestilte Lasagne - to led oksek√∏d og en lakselasagn ,2
Italiano,Ove H,8. august 2021,"Den ene stjerne f√•s for den s√∏de hilsen p√• posen med br√∏det. Vi bestilte 2 pasta retter, nr 10 og nr  ",1
Italiano,KGF8600,30. juli 2021,"Kedelig pizza. F√¶rdigproduceret dej, der var sej i stedet for spr√∏d. Pizza skulle v√¶re st√¶rk, men var bare salt. Skuffende oplevelse",2
Italiano,jannieconstanzea,15. juli 2020,"Fabelagtige, √¶gte italienske pizzaer til take away. Ogs√• halvbagte, der laves f√¶rdige i ovnen derhjemme. Pizzaerne er elegante og indeholder ikke meget tomatsauce og olie (hvilket er godt i min bog). R√•varerne er hyperfriske og autentiske. Spr√∏de, lette pizzabunde. Masser af ost. Stort men stadig overskueligt madudvalg. Der er ",5
Italiano,ChristinaK1280,12. april 2019,Italiano laver altid de mest l√¶kre italienske pizzaer p√• en l√¶kker tynd og spr√∏d bund. Har endnu ikke fundet et pizzaria der kan n√¶rme sig italiano - heller ikke i andre byer. S√• kan varmt anbefales!,5
Italiano,Doris F,27. juni 2018,"Vi har f√∏r med tilfredshed hentet tapas hos Italianano,  men denne gang blev vi lidt skuffede.    Fed italiensk p√∏lse, laks, solt√∏rrede tomater som drev af olie. Derudover den mest fede porchetta vi nogensinde har set. Den lille tiramusudessert var dog fin.",3
US Pizza,mariaaM2436WW,8. marts 2021,Telefon manden havde vist en virkelig d√•rlig dag at han blander kunderne ind i hiandnen... Jeg ringede for at bestille og sp√∏rger om det er halal de havde og han svar ja i det jeg siger fint jeg vil ha men han godt m√• v√¶re gavmild s√• siger han alti mulig om at min mand var forbi og fik det set og jeg siger s√• jeg ingen mand har og har slet ik v√¶ret forbi og jeg tror p√• ham n√•r han siger det er halal og han har s√• en anden telefon i r√∏ret og jeg ligger s√• p√• og henvender mig personligt i butikken og hvor jeg g√•r p√¶nt ind og siger jeg tror du misforstod mig p√• telefonen men jeg aner ik hvem du talte til s√• snakker han virkelig aggressivt til mig og siger din mand var her ig√•r og jeg siger jeg har ingen mand ogs√• siger han jo din mand ligner mig hvor jeg t√¶nkte hvordan kan min mand ligne mig .. Og jeg siger hvis du ska blande din kunder ind og snakke p√• dne m√•de s√• gider jeg seri√∏st ik ha mad.. S√• siger han p√• en flabet og respektl√∏s m√•de ja skrid og du finder tusind andre steder og jeg g√•r min vej synes det synd for jeg har faktisk v√¶ret en fast mdr kunde hos kr rmen i har nu mistet mi ,1
US Pizza,HanneM319,26. juli 2017,"sted med atmosf√¶re af  rock , usa  . s√∏d betjening.  p lige ved d√∏ren.  maden  ok , lidt lang ventetid  p√• maden.",3
US Pizza,Greensworld,4. januar 2017,"Deres familie pizza er den st√∏rste jeg nogensinde har f√•et - jeg synes kvaliteten er dvalet de sidste √•r, s√• jeg kommer der ikke s√• ofte mere.",3
US Pizza,907nielsn,12. november 2016,"4 pizzaer bestilt til levering, knap 1 times ventetid. 3 af 4 pizzaer var fuldkommen forkert. Heldigvis leverede stedet UB nye pizzaer efter kun 20 minutter. Pizzaen var dog en af de bedrere jeg har smagt, s√• det var positivt. To r√•d herfra. 1. Hent selv og undg√• umanerlig lang ventetid, eller bestil i rigtig god tid. 2. Tjek din mad. Stedet skriver ikke engang nummeret p√• pizzaen p√• √¶sken, s√• hold styr p√• din bestilling. Det er et g√¶tv√¶rk. Men ellers, pizzaerne kan varmt anbefales. ",4
US Pizza,Ivan F,25. april 2016,"Store slice og billigt, men godt. Venlig betjening, men ikke egnet til at spise p√• stedet. Take Away.",4
US Pizza,KSindberg,20. april 2015,"P√• Us Pizza Hammel, f√•r man alle slags Pizza, og det kan smages at det er frisk r√• varer, der er p√• alle pizzaer og de er frisklavet mens du venter, b√•de med eller k√∏d, du kan ogs√• smage den l√¶kre durum rulle",4
Truust Kro Restaurant,Camper55784191968,27. september 2021,Var 2 personer afsted en fredag afte ,1
Truust Kro Restaurant,Hanne F,24. juli 2021,Nu var det spontan at jeg fik lyst til at komme ud at spise. Perfekt servering. Mad ok. Dejligt at man kan spise ude. Rigeligt af ma ,3
Truust Kro Restaurant,themons1ers,5. november 2020,"Maden smagte rigtig godt og der var rigelig med denne her restaurant det er mere en kro, Dejligt dansk mad du f√•r en gammeldags mad smager rigtig godt vi havde en god aften",5
Truust Kro Restaurant,876jannieh,12. august 2020,"Vi kom ind, fik et bord, og da vi bestilte sodavand blev vi bedt om at samle vinglassene sammen som stod ved hver kuvert. De blev sat tilbage til de rene glas bag baren, selv om vi alle havde r√∏rt ved dem + servitricen (corona). Til forretten skulle vi have friskbagt br√∏d som tilbeh√∏r til kyllingesalat. Der fik vi ristet franskbr√∏d. Til hovedret fik vi oksefilet som var s√• sej at vi m√•tte opgive at spise det. De andre g√¶ster kom ogs√• tilbage med deres mad, de kunne heller ikke tygge det. Vi valgte at g√• inden desserten da vi havde f√•et nok af det ste ",1
Truust Kro Restaurant,heidibP1821SM,6. juni 2020,"Havde k√∏bt 6 deals til Truust kro med Herreg√•rdsb√∏f og dessert, men den deal udl√∏b at √•r tidligere. Vi var ude at spise, og var ikke informeret om deres √¶ndring, s√• vores menu var krogryde, som er deres menu om onsdagen, og vi fik det torsdag. Blev skuffet over ikke at f√• det man havde forventet...",1
Truust Kro Restaurant,kjeldt2015,11. december 2019,Sidste gang vi er kommet hos j ,1
Truust Kro Restaurant,Ole N,6. november 2019,"Vi blev hjertelig modtaget og omg. anvist et bord og menukort. Efter bestilling af deres krogryde og drikkevarer, gik der ikke lang tid f√∏r drikkevarerne blev serveret og kort tid efter stod maden p√• bordet.Der var rigelig mad til os 4 og den var ogs√• velsmagende. Alt i alt en god oplevelse, eneste grund til jeg ikke giver 5 stjerner er kroens slidte udseende og at betjeningen bare stod for bordenden og rakte drikkevarer ind til os og efterf√∏lgende bad os r√¶kke servivce og bestk tilbage til hende da vi var f√¶rdige med m√•ltidet. Sm√•ting, men alligevel ....",4
Truust Kro Restaurant,Rene C,3. oktober 2019,"Vi var 2 voksne og 2 b√∏rn, p√• en onsdag, der sad yderligere 4 personer i krostuen,( s√• det burde jo v√¶re en overkommelig opgave for k√∏kkenet), vi bestilte maden og b√∏rnene fik deres mad , efter ca 15 min , erferf√∏lgende sad vi voksne og ventede 45 minutter p√• vores mad ( krogryde), kartoflerne havde pletter og pommes frites var ALT for h√•rdt friterede, og alt for salte, kn√¶gtens b√∏f var velstegt men desv√¶rre havde kokken glemt at krydre den ",2
Truust Kro Restaurant,Jette S,29. juli 2019,Havde k√∏bt en deal og maden var som altid god men jeg sad og kiggede mig omkring vi n√∏d det sidste vin uden for og hvor det alts√• ser ud fyldte skralde spande beskidte borde blomster der er visne blomster skab lidt hygge derude s√• er jeg sikker p√• folk synes det er hyggelig at sidde udenfor ogs√•,4
Truust Kro Restaurant,BentDenmark,14. juli 2019,"Vi havde k√∏bt en deal til 99 for 2 retter, og s√• er man m√•ske en smule skeptisk, men det var der INGEN grund til. En s√∏d, smilende tjener, der holdt hovedet koldt, selv om g√¶sterne v√¶ltede ind. Hun havde s√∏de bem√¶rkninger og overblik. Maden var rigelig og varm. Vi fik herreg√•rdsb√∏f med tilbeh√∏r med ekstra bernaise og fritter p√• bordet. Isdesserten var glimrende, og to af os fik kaffe istedet. Kanden kom p√• bordet, og der var ogs√• en kop til isspiser ",5
Truust Kro Restaurant,brandekilde,"June 27, 2016","I had a starter and my husband a full dinner. 
The restaurant is run down, the menu is like someting from 1975.",2
Truust Kro Restaurant,Hamam_DK,"April 25, 2016","Just looking for something light to eat. Waitress had to make sure with the kitchen - that  there was ""room"" for - ""can we cope with 2 from the street"" - shouted across the room. Yes they could was the answer. We ordered something light - and were asked if we would wan't anything else ? If yes - You have to order it now- was the statement.
Food was not delicious in any way. We paid - and concluded - this was the first and last time for a visit.",1
Brasserie Landal S√∏h√∏jlandet,JohnR6391,22. juli 2021,"Har spist der et par gange.
Tilsyneladende gode varer der anvendes. 
Deres junk food var rigtig GOD anmeldelse af b√∏rneb√∏rnene. 
B√∏ffen jeg fik smagte ogs√• godt.",4
Brasserie Landal S√∏h√∏jlandet,christinalouiseh2017,26. oktober 2020,"Fremragende service og super l√¶kre burgere til de voksne og sk√∏n pizza til den mindste. Betjening med fokus p√• service p√• h√∏jt niveau. √òje p√• den mindstes √∏nsker om suger√∏r, noget at tegne p√• o ",5
Brasserie Landal S√∏h√∏jlandet,stephaniesejrh,1. september 2020,i forbindelse med vores ophold p√• landal S√∏h√∏jlandet har vi benyttet os af brasseriet 2 gang ,5
Brasserie Landal S√∏h√∏jlandet,Swormark,11. juli 2020,"For 2. Gang oplever vi at vente 1,5 time p√• vores mad. F√∏rste gang var restaurenten n√¶sten fyldt, men anden gang var vi det 3. Bord der var ankomme ",1
Brasserie Landal S√∏h√∏jlandet,tinanW1019HP,20. februar 2020,"Desv√¶rre var det kold og d√•rligt mad. Der m√•tte ogs√• gerne have v√¶ret lidt mere at v√¶lge mellem, p√• Buffeten til de penge.",2
Brasserie Landal S√∏h√∏jlandet,SimonK414,15. februar 2020,Maden f√•r 4 ud a ,2
Brasserie Landal S√∏h√∏jlandet,Brian B,3. februar 2020,"Vi fik en rigtig god og m√∏r ribeye steak, men ogs√• konens fish and chips fik ros, s√• aboslut pengene v√¶rd",4
Brasserie Landal S√∏h√∏jlandet,jimJakobsen,17. november 2019,Vi var 8 voksne og 4 b√∏rn hvoraf en var 7 mrd. Af hensyn til b√∏rnene havde vi bestilt bord kl 17 og det var der ogs√• mange andre b√∏rnefamilier der ha ,2
Brasserie Landal S√∏h√∏jlandet,christianj607,14. oktober 2019,"Vi var 3 voksne og 4 b√∏rn, der var jord i maden og de n√¶gtede vores barn et glas vand, selv om vi andre k√∏bte b√•de mad og drikkelse - deres svar var at vi skulle k√∏be en halv liter fra hanen for 20kr",1
Brasserie Landal S√∏h√∏jlandet,krydd,2. oktober 2019,"Rib eye fin stegt, kyllingeburger god, pizza ringe og betjeningen i restauranten d√•rlig. Sur (mandlig) tjener der meget kontant fortalte at man fik det man havde bestilt og b√∏fferne blev stegt p√• een m√•de - man kunne ikke f√• det anderledes og s√•dan var det. Glassene blevet skubbet hen over bordet og det f√∏ltes som en belastning n√•r man bestilte. Maden f√•r 3 - den mandlige tjener f√•r 1",2
Brasserie Landal Sohojlandet,krydd,"October 2, 2019","Rib eye fin stegt, kyllingeburger god, pizza ringe og betjeningen i restauranten d√•rlig. Sur (mandlig) tjener der meget kontant fortalte...More",2
Brasserie Landal Sohojlandet,Ludvig52,"August 25, 2019","Hyggelig sted med udsigt over landals lege omr√•de
Godt menu kort
God og hurtig betjening
Hyggeligt med ude servring",4
Brasserie Landal Sohojlandet,Jet782457,"August 16, 2019","615 kr for 4 mennesker er jo ikke meget for aftensmad, men n√•r kvaliteten p√• pizzaen og den meget tomme...More",2
Brasserie Landal Sohojlandet,globaldk,"August 3, 2019","Lidt for dyrt til hverdags l√∏sning i forbindelse med ferie hytterne, pizza priser p√• 109-120 kr er alt for meget...More",4
Brasserie Landal Sohojlandet,fme2014,"June 28, 2019","Twee keer gegeten, de eerste keer was het een drama. Voorgerecht smakeloos met stokbrood zo uit de diepvries i.p.v. het...More",2
Brasserie Landal Sohojlandet,36nicklasn,"May 31, 2019","Virkelig skuffende mad.
Vores snacks var egentlig fine. Gode pomfritter - men det er ogs√• sv√¶rt at lave d√•rligt. Nachos...More",2
Brasserie Landal Sohojlandet,Katrinejakobsen2000,"May 31, 2019","Cabonaren havde ikke smag af noget - kun kogt pasta og vand.
Foccaciaen var ikke en foccacia, men et fladt...More",1
Brasserie Landal Sohojlandet,helleskou,"April 27, 2019","Vi fik kylling med risotto, desv√¶rre smagte risottoen ikke af noget, kun som kogte ris. Steaken var fuld af scener....More",1
Brasserie Landal Sohojlandet,Annette B,"April 21, 2019","Hvorfor foreg√•r alt p√• engelsk n√•r vi er danske og er i Danmark ?
Da jeg skrev og bookede bord...More",4
Brasserie Landal Sohojlandet,PyongWon,"April 17, 2019","Een tafel voor 2 geboekt via de landal app. Dit werkte prima.
Eens aangekomen kregen we snel een Engelse menukaart...More",5
Brasserie Landal Sohojlandet,Lonedengsoe,"February 12, 2019",Vi havde en meget positiv oplevelse. Super god service. Og l√¶kker mad til os alle. Ogs√• til vores datter som...More,5
Brasserie Landal Sohojlandet,emmanielsen1,"February 7, 2019","Super dejlig oplevelse b√•de i forhold til maden og servicen. Min s√∏ster har en r√¶kke f√∏devareallergier, hvilket vi gjorde opm√¶rksom...More",5
Restaurant Diva,HenrikT338,1. september 2021,KUNNE VI GIVE 0 STJEENER HAVDE VI GJORT DET !! ,1
Restaurant Diva,jankB8338QF,19. juli 2021,"Diva har en perfekt kebab og en rigtig god dressing, der g√∏r deres durumruller og pizza til noget specielt.",5
Restaurant Diva,markj1971,17. december 2020,"Jeg var s√• uheldig at blive overhalet af deres udbringingsbil, imellem Ikast og bording, i en 60 km zone k√∏rer han Ca 80-90 km/t, jeg indhenter ham ved rundk√∏rslen i bording og f√•r ham stoppet, og sp√∏rger om han ikke har kigget p√• sit speedometer, hans svar var at jeg skulle opf√∏re mig ordentligt, da jeg siger til ham, at det synes jeg bestemt at jeg g√∏r, spytter han efter mig og k√∏rer derfra med hjul spind og r√•bte et eller andet efter mig, som jeg ikke fik fat ",1
Restaurant Diva,Silkeborgfinest,24. november 2020,"Aldrig bestil pastaret eller pizza  i diva de bruger gammel k√∏d, pastaen smager af ren fl√∏de mens k√∏det smager gammelt. Jeg ventede f√∏rst p√• maden i 40 min inden den blev serveret. PS. Maden",1
Restaurant Diva,NicolaiEvers,27. juni 2020,Mig og mine venner bestilte derfra. De smagte ekstremt frygteligt og vil ikke foresl√• at nogen spiser derfra.,1
Restaurant Diva,706emila,4. december 2019,"Alts√• n√•r maden er br√¶ndt p√•, s√• er det allerede en d√•rlig start. 
Umulige at finde en l√∏sning med og generelt fral√¶ggelse af alt ansvar ...",1
Restaurant Diva,camillapj,28. september 2019,Meget ubehageligt og uvenligt personale der ikke er s√¶rligt kundeminded. Er ligeglad med at g√∏re kunderne tilfredse.,1
Restaurant Diva,Lone S,5. juli 2019,"Var p√• restauranten til frokost med 3 b√∏rn. Vi bestilte en pizza og Nachos med kylling. Pizzaen var super god, men nachos med kylling var skuffende.",3
Restaurant Diva,Kruse2014,2. juli 2019,"God betjening og en rigtig hyggelig restaurant, p√¶ne omgivelser og gode pizzaer. Det er ikke sidste gang vi kommer igen.",4
Restaurant Diva,H1286RBpeterb,15. januar 2019,"Vi fik tildelt et bord og vi blev betjent tilpassede tid vi havde fundet den pizza od det vi ville have.
Pizzerne var over gennemsnittet",4
Restaurant Diva,Daydream47785324728,"August 10, 2019","We have not been to the restaurant ,but ordered take away. We ordered pizza and they  were tasty and good. It was delivered by two friendly man.",5
Restaurant Diva,Massi H,"November 27, 2017","lack of knowledge about seasons and cooking methods. I asked for medium steak and got served a well done and asked to fixe it , but they couldn‚Äôt do any thing about that!!!",1
Restaurant Diva,danielak195,"June 18, 2017","Delicious Pizza, Burger, Spareribs and Steaks for quite less money. Nice interior, friendly service. Creditcard accepted.",5
Restaurant Diva,Doris F,"November 4, 2014","First visit to Diva, absolutely NOT the last. We had a deep-pan and a calzone pizza, both very good. Enough for the hungry,  Well seasoned and directly from the oven.
Kind service, reasonable prices- and a free cup of coffee before you leave the restaurant.",4
Restaurant Velling Koller,FrequentFlier766605,27. september 2019,God og billig hjemmelavet mad s√¶de v√¶rter og meget b√∏rnevenlige virkelig et bes√∏g v√¶rd f√∏ler sig velkommen,5
Restaurant Velling Koller,Lars N,29. maj 2017,"Var til bryllup i restauranten, et helt igennem fantastisk arrangement. En madoplevelse jeg sj√¶ldent har oplevet bedre. Service og betjening, fuldt p√• h√∏jde med m√•ltidet, stedet kan varmt anbefales til festen üëç",5
Restaurant Velling Koller,262elisan,29. maj 2017,"Vi var til bryllup i restauranten. Vi startede ud med en g√•tur til Vellingkalv (udsigtspunkt), hvor restauranten havde s√∏rget for, at velkomstdrinken stod klar da vi ankom. Efter g√•turen kom vi tilbage til restauranten, hvor vi fik tre retters middag. Maden smagte rigtig fint og der var rigeligt af den. Personalet var rigtig s√∏de og hj√¶lpsomme. Omgivelserne var idylliske og fantastisk gode til et bryllup. Jeg vil helt klart anbefale stedet.",3
Restaurant Velling Koller,BKC2013,28. maj 2017,"Der var bryllup i restauranten, s√• vi stak hovedet indenfor i Caf√© Berthel. Her lugtede f√¶lt som i en grill-bar, det fik os straks til at vende om. 
Udenfor kan man stadig se reminisenserne af eventyrhaven, som jeg husker fra bes√∏g i 70'erne.",2
Restaurant Velling Koller,RSHvid,20. december 2016,"Rigtig god mad, fortrinlig service af oplagt personale, friske mennesker med en positiv omgangstone og h√∏jt effektivitetsniveau.
Maden er aldeles glimrende!",4
Restaurant Velling Koller,Martinbz,1. juli 2016,I hyggelige omgivelser i skovene udenfor Bryrup ligger Velling Kolle ,4
Restaurant Velling Koller,Susanne P,3. maj 2016,"Vi var dernede og spise stegt fl√¶sk, det kan ikke anbefales. bl√∏d sv√¶r, bl√∏de, vandede kartofler, og en tyk gr√∏n sovs, der ikke smagte af persille overhovedet.",1
Restaurant Velling Koller,nielst2013,12. marts 2015,"Rammerne er der..fine, ny renoverede lokaler, sk√∏n natur ",2
Restaurant Velling Koller,ThomasBehrndtz,26. juli 2013,"Papeg√∏jen Jakob flyver frit omkring i restauranten, dvs. ogs√• over din mad. Det er decideret uacceptabelt.",1
Silkeborg Museum's Cafe,J. K,21. oktober 2013,"Jeg var der sammen med mit barnebarn. Hun fik en Cocio, vi fik en kop ""kaffe""  Vi var i tvivl om det var Nezekaffe... Vi drak ikke hele koppen....",2
Silkeborg Museum's Cafe,lmsk2014,2. april 2018,"Caf√©en er stor, lys og elegant, med masser af siddepladser. Som museet bygninger er gamle og smukke, cafe er virkelig helt charmerende med udsigt over museer haven.",3
Jensens B√∏fhus Silkeborg,juliebE4893XK,25. august 2021,"Vi er normalt rigtig glade for Jensens, men denne gang var det godt nok en omme ",1
Jensens B√∏fhus Silkeborg,Jytte H,17. august 2021,"Bestilte bord til fredag den 13 august. Kom lidt for tidligt og allerede der var der forvirring. Men at det hele var et stort kaos p√• restauranten havde vi ikke dr√∏mt om. Der var ikke mange g√¶ster, men alligevel var der mange klager fra andre g√¶ster over forkerte serveringer, forkerte b√∏ffer, forkerte saucer, forkert stegt k√∏d. K√∏kkenet sejlede, det var det indtryk vi fik. Vi ventede i mere end 1 time, hvilket er alt for lang tid. Da maden s√• kom, var den ene b√∏f n√¶rmest uspiselig, fyldt med sener. Betjeningen var n√¶sten ikke eksisterende, tjenerne var ikke l√¶rt op, de havde ingen ide om hvad de skulle g√∏re. Bl a var der en som ikke kunne finde ud af at servere vin!! Det er s√• synd for personalet at man bliver sat i s√•dan en forf√¶rdelig situation, der faldt virkelig mange h√•rde ord fra g√¶sterne. Det endte med at vi fik vores servering gratis, men vi ville meget hellere have betalt for en god oplevelse.",2
Jensens B√∏fhus Silkeborg,majbritarneborgs,2. august 2021,Vi valgte at spise aftensmad p√• jensens b√∏fhus i Silkeborg.Vi fik en rigtig god service og maden var l√¶kkert.Selvom de havde travlt pga.corona(ikke nok ansatte fordi stillingerne ikke kan bes√¶ttes da inden er interesseret)Vi fik det vi gik efter og s√• er vi tilfredse,5
Jensens B√∏fhus Silkeborg,J299GIthomasp,21. juli 2021,"Vi havde en absolut elendig oplevelse p√• Jensens i Silkeborg i dag, og det havde de √∏vrige g√¶ster uden tvivl og ",1
Jensens B√∏fhus Silkeborg,mayoholi,6. juli 2021,"Beskidt og nusset. Salatbar lignede en bakteriebombe. Uengageret betjening. Ung mand kunne n√¶sten ikke sl√¶be sig rundt for at tage bestillinger. 25 minutter efter vi havde bestilt, kom han og sagde, de var l√∏bet t√∏r for m√∏rbrad. Maden blev serveret efter lang tid. Der var ikke mange g√¶ster, da vi ankom, s√• det kan ikke v√¶re det, der var √•rsagen. Da maden blev serveret, bad vi om remoulade til b√∏rnene. Det glemte han. Han havde tilsyneladende travlt med at komme hen og kigge ud ad d√∏ren for at holde √∏je med skybruddet ",2
Jensens B√∏fhus Silkeborg,655perd,14. maj 2021,Jeg vil bare sige. Med corona pas i orden. Hvor jeg fortalte jeg vil nyde en kop √∏l. Men nej. Jeg ventede i en halv time p√• en kop √∏l for at g√• p√• cafe. som Jensens b√∏f hus jo ogs√• er. Jeg vil sige det er for d√•rligt. Med corona fri er p√• plads. S√• d√•rlig anmeldelse i Deres service. Iforb. med Jensens b√∏f hus. Silkeborg. For d√•rligt. servi ,1
Jensens B√∏fhus Silkeborg,michaelpM760XD,4. september 2020,Fantastisk b√∏f. Fik en jubil√¶ums b√∏f. En af de bedste oplevelser l√¶nge. Flink personale. Meget tilfreds.,5
Jensens B√∏fhus Silkeborg,baskjer,3. september 2020,Alt for lidt personale !! ... lang k√∏ af folk der ville ind og spise frokost en manda ,2
Jensens B√∏fhus Silkeborg,ChrissL2391,4. august 2020,Efter 40 min ventetid kom drikkevarerne og 45 min maden. Den ene b√∏f som skulle v√¶re r√∏d var helt gennemstegt og vi bad om en der var r√∏d. Efter at have ventet i over 30 min igen (hvor vi havde spurgt flere gange om hvor lang tid der gik) og alle andre var f√¶rdige med at spise sagde vi at vi ikke gad vente l√¶nger ,1
Jensens B√∏fhus Silkeborg,sararR1056YG,24. juli 2020,Der var kun lidt over halvt fyldt men det tog langt over en time efter vi bestilte f√∏r maden kom. De havde glemt noget af ordren som vi m√•tte vente yderligere p√•. Derudover var der flere ting de var l√∏bet t√∏r for som ikke kunne bestilles.,2
Jensens Bofhus Silkeborg,Mai R,"January 18, 2016","Processed food at its worst, poor service, nice location for outdoor sitting if you just want a beer or a cold drink.",1
Jensens Bofhus Silkeborg,PatsyP23,"April 14, 2015",Sunday Lunchtime....ordered Nachos and small side salad.  Was not made clear that as it was a starter we qualified for a large salad at 40KR more ¬£4.... so just had small salad and the Nachos with cheese which were average.  When I questioned the 89KR...More,3
Jensens Bofhus Silkeborg,NorthernSouly,"March 18, 2015","Big restaurant, great decor,very comfortable. We all ordered steaks with different sauces.Excellent! Delicious. Very nice waitresses and good service.",4
Jensens Bofhus Silkeborg,Mary K,"October 3, 2014","For British readers think upmarket Harvester. They charge for the salad but its far better than Harvester and worth paying for. Menu is fairly simple basically a selection of meats and fries. One of us had chicken and the other pork. No complaints, it was...More",3
Jensens Bofhus Silkeborg,Jacko070,"May 31, 2014","The restaurant was busy. It took 50 minutes for our order to be delivered. So its not a fast food place. Totally unacceptable for average food with expensive drinks prices. The waitress said ""But we are busy"". Find somewhere else.",2
Jensens Bofhus Silkeborg,Angus65,"August 26, 2013","Reasonable food at very reasonable prices, but my goodness what appalling service. Half an hour to get our order taken, another 60 mins before we'd been served our food. Luckily the weather was nice and we were not under time pressure so it didn't matter.",3
Pitstop Tulip Hj√∏llund,LindegaardStarup,1. august 2017,"Et fint lille sted til den hurtige sult, selv om det er fastfood er maden ganske god, et sted der kan anbefales",4
Caf√© KiK,christianp660,29. oktober 2021,Virkeligt trist oplevelse her til aft ,1
Caf√© KiK,dorteb2013,24. oktober 2021,"Super hyggeligt sted og meget s√∏d betjening. Maden var virkelig l√¶kkert, eneste der kunne forbedres var br√∏det , is√¶r rundstykkerne.",5
Caf√© KiK,929clausl,10. oktober 2021,Bestilte en pariserb√∏f og min kone en kyllingeburger. Begge dele var helt og aldeles uden smag. Vi blev m√¶tte men det var vist det positive der var og sige om det bes√∏g. Vi kommer ikke igen..,2
Caf√© KiK,Maidenmark,2. oktober 2021,- med at have serveret det d√•rligste m√•ltid ever!  Vi fik den d√•rligste burger og pariserb√∏f vi nogensinde har smagt. Sur betjening der slet ikke spurgte ind til de fyldte tallerkener da vi gik. Absolut ikke en anbefaling herfra.,1
Caf√© KiK,leso1961,25. september 2021,Spiste der til frokost . Menukort med fint udvalg . Sandwich med kalkun  - kedelig . Sandwich med seranoskinke var l√¶kker . C√¶sarsalat - ikke noget specielt .,3
Caf√© KiK,simonagerskovp,8. september 2021,"Har aldrig f√•et en s√• elendig burger, som denne ""Deluxe Burger ",1
Caf√© KiK,M5223HQjulies,29. august 2021,"Manglende service i den grad. Vi fik taget vores bestilling, det var det. Bestilte deres stjerneskud, hvor al fisken p√• tallerkenen var brun. Min far bestilte pariserb√∏f gennemstegt, men var r√∏d/medium. Blev ikke spurgt indtil maden eller oplevelsen, da vi betalte heller. Alt i alt en rigtig d√•rlig oplevelse ift. priserne. Vi gjorde tjeneren opm√¶rksom p√• fisken.",2
Caf√© KiK,Per_O-Dk,31. juli 2021,"Alt spillede sammen da vi var p√• bes√∏g. L√¶kker hovedret, l√¶kker dessert og sk√∏n og opm√¶rksom personale, som gjorde bes√∏get til en succes.",4
Caf√© KiK,bj_rns928,22. juli 2021,"Efter Mountainbike tur i Vesterskoven ville vi forbi papirfabrikken og spise frokost. Vi valgte caf√© Kik, og bestilte ‚Äústjerneskud‚Äù hvilket skulle vise sig at v√¶re en katastrofal fejltagel ",1
Caf√© KiK,lisetteduen,14. juni 2021,Maden er prim√¶rt fra b√∏tte og spand! Der bliver ikke lavet meget mad i det k√∏kken. Uinspirerende og aldeles uden sj√¶l og charme. Stedet er hyggeligt og betjeningen udem√¶rket.,2
KiK,sterwuv,"August 23, 2017",Visiting friends in Silkeborg we dined here midweek.  Expecting big things but sadly disappointed in the food.  2 of us ordered the snitzel and the other a risotto.  Snitzel was huge but overcooked and drowned in a dark gravy.  Vegetables tasted as if they had...More,3
KiK,Stef√°n Sigmar S,"May 12, 2017","I ordered a pork casserole and it did not disappoint! The portion was a good size (I was stuffed and I it tasted delicious, though they were a bit heavy on a white wine in the sauce! The staff was friendly and spoke good English,...More",4
KiK,Hannemax,"April 28, 2017","Very good location in the center of Silkeborg by the water. It looks good inside and out, it is clean and has great seating outside. The staff is friendly, but the food is average.",3
KiK,minimichael,"April 26, 2017","3 course meal was very good. Salmon starters,  steak for main & the best chocolate desert I've ever had. Beautiful food  & decent prices.",4
KiK,Belladella1,"April 14, 2017","lack of service is the keyword. we sat down a a table and when the waiter arrived she wanted us to change place. ""to the cafe part""? as apparently we were in the dining part. And when ordering ""only"" coffee, one could sit in the...More",2
KiK,alexanderg253,"October 15, 2016","Hi there. 
The meat in the burger was good but not the best I've tasted. Honestly, I think Five Guys offer better burgers. But then again, I love five guys. The place is nice and probably better known for its vibe and friendly staff, rather...More",3
KiK,Eigil Evan Stev... S,"August 1, 2016","My girl and i have been here a couple of times, and we have not been disappointed yet. Every time we go here it seem that the menu has been changed completely. The season is in focus and the cook seams to play with menu...More",5
KiK,i12bent,"June 11, 2016",I only stopped by for a quick beer and a plate of nachos. Service was fine on the terrace and I was pleased.,4
KiK,D1amonds,"May 4, 2016","Ate there two days ago and I will definitely be going there again. The food were so delicious - I had a pasta penne with King prawns. The service were great, we needed to charge our phones so we asked the waitress and they charged...More",5
KiK,Dan1930,"April 20, 2016","Had a dinner when at this restaurant, friendly staff and good food at a reasonable price. Took the steamed salmon and tsatziki as a starter with the home made bread. 
Very close to SAS BLU RADISSON Papirfabrikken",3
KiK,Morten R,"February 12, 2016",The cafe is really nice. It is mostly used by people on their way to and from the cinema. Staff are friendlyand the selection of small meals are OK.,3
KiK,J√∏rn S,"November 3, 2015","They have no real kitchen and it 
Seems they use pre prepared food heated up in a plastic bag in microwave
Same standard  or less than the Monarch quick stop along the highways",1
KiK,Olwen R,"August 4, 2015","We were led in the direction of this cafe by our lonely planet guide which recommended a neighbouring cafe. When we walked past cafe KiK and saw the food people eating proper Danish food we decided to go here instead. I had the Danish Tapas,...More",5
KiK,Tatherley,"December 10, 2014","Most of my visits to this cafe has been after a trip to the Cinema. It is located just at the Cinema entrence, and have both indoor and outdoor seats.
The restaurent is fairy large and most of the time it is possible to get...More",4
KiK,Kasper L,"August 31, 2014",We have been out celebrating my birthday. My wife took me and our to kids to Silkeborg to visit a great cafe. Very delicious food in nice surroundings. Only minus was one cranky looking waitress and the loud noise from a espresso machine...not that child...More,4
KiK,Rasmus L,"August 19, 2014","I have visited Caf√© Kik a some times now, and they serve a good burger (oxeburger) with fries. It is a nice place to sit and the outdoor seating gives a good overview of Papirfabrikken and with a clear view to the water. 

Unfortunately the...More",4
KiK,Serendra,"July 10, 2014","Good meny food taste very well reasonable prices on Food and vine, we will soon be back. Very friendly staff. Open as late as we want :-)",3
KiK,AndersChoy,"January 17, 2014",Cafe KIK is located on the strip of restaurants near Papirfabrikken in Silkeborg. We've been here multiple times and tried all the restaurants there many times over. Cafe KIK comes in second after Cafe Evald as the preferred place. Cafe KIK has great food and...More,4
KiK,musialb,"August 31, 2013","Great, nice place with great, flavorful food. I return to this place, and i recommended KIK CAFE!!!!",5
KiK,JoannaBM,"August 27, 2013",I fell in love with this place. Everything was perfect aspecialy food.We didn't have to wait long for our dishes. Service very nice and profesional. I'll come back for sure,5
KiK,B9580QJdavidm,"July 30, 2013","We stumbled into Cafe Kik as we wanted to eat at one of the restaurants at Papirfabrikken.  The bruschetta was a warning about what was to come.  In contrast to a wonderful, simple tomato, garlic and basil on toast, we were served 3 unidentifiable and...More",2
KiK,John1005367,"November 12, 2012","waiter always nice and smile, great food served and divine teast.
and i will always come back here.

John.",5
Restaurant Kildes√∏,Viking18,20. juni 2019,Jeg var til et m√∏de med lidt indlagt m ,4
Restaurant Kildes√∏,Lasse R,28. april 2019,"flot udsigt, dejlig stemning og uds√∏gt god mad, vinen kunne godt have v√¶ret lidt koldere.Kan varmt anbefales.",4
Restaurant Kildes√∏,Marianne E,6. august 2018,Det var en fin betjening og hyggelige omgivelser. Restauranten er meget speciel design med interessante detaljer. Desserten var is fra Kastbjerg som dog ikke levede op til alt det andet i restauranten.,4
Restaurant Kildes√∏,Doris F,20. januar 2018,"Velkomstdrink, som vist var hvidvin og hyldeblomst med meget frugt, blev serveret i baren, hvor tjenerne hele tiden skulle passere igennem med rulleborde med portionsanrettet mad til andet selskab i en anden fl√∏ ",3
Restaurant Kildes√∏,139j_rgens,18. august 2017,"Jeg overvejede l√¶nge om det virkelig kunne v√¶re rigtigt, eller var det bare mig og kokken, der havde forskellige opfattels ",1
Restaurant Kildes√∏,Vejle13,1. december 2016,"Var p√• hotel Scandic i Silkeborg i forbindelse med et kursus, hvortil der var fuld forplejning. Denne kunne indtages i restauranten, som s√• forholdsvis nyindrettet ud. Fra de fleste pladser var der fri udsyn til naturen. Morgenmaden var gennemg√•ende OK. Der var noget for en hver smag. Lidt b√∏vlet at finde kaffekopper, og juicen var godt ""skjult"" i nogle kasser. Middagsbuffeten var en lidt rodet omgang. Hvor startede k√∏en? Der var ikke nogen ""logisk"" tilgang til at finde br√∏d, kolde eller varme retter. Det m√• kunne g√∏res bedre. Aftensmaden var til geng√¶ld helt fantastisk. Som hovedret var der k√∏d af kv√¶gracen Angus, som bare var fantastisk tilberedt - super m√∏rt. Flot forret og dessert. Hertil gode vine. Personalet var ogs√• helt oppe p√• m√¶rkerne. En god aften.",4
Restaurant Kildes√∏,BKC2013,9. september 2016,"Jeg spiste frokost p√• restauranten i forbindelse med en konference. Jeg er ikke s√• vild med buffeter, men jeg synes, at der var mange l√¶kre ting at v√¶lge imellem. Restauranten er moderne og hyggelig med store vinduespartier, som inviterer skoven indenfor. Man kan sidde p√• ude og ind ",4
Restaurant Kildes√∏,Coastal809372,24. august 2016,"Restauranten er p√• Scandic Hotel i Silkeborg. Det er for nyligt blevet bygget og den ser og f√∏ler, er meget moderne med en meget hyggelig atmosf√¶re. Udsigten til haven er meget rart - nogle af v√¶relserne er meget udsat for restauranten, men det er en anden historie. Den nye bar er ogs√• fint og det er muligt at sidde udenfor og spise det - der er store parasoller og varmeapparater til at forl√¶nge s√¶son ",3
Silkeborg Gastropub,troelsk775,26. juli 2019,"This place is hitter away in an ally, but defiantly worth a t ",4
Fulai Restaurant,Simonsorensen9,13. december 2018,"Jeg synes det er en fin restaurant med fin mad, men jeg vil helst selv v√¶lge King Buffet, da det er noget bedre og King Buffet ligger endda p√• samme vej, som Fulai restaurant  g√∏r.",3
Fulai Restaurant,heidiv104,27. august 2018,"Fulai er et dejligt sted at spise. Betjeningen er god, priserne billige og buffeten fyldes hele tiden o ",3
Fulai Restaurant,Carsten T,6. august 2018,"Man bliver altid budt velkommen af et friskt og venligt personale. Der er meget varieret buffe med bla. Sushi samt mange danske retter, frugt og is, kaffe til Desert. Kan anbefales.",4
Fulai Restaurant,charlotteskovn,12. marts 2018,Fulai restauranten er m√•ske billig men til geng√¶ld er maden da osse s√• kedelig og udvalget s√• sm√•t at det stadig er spild af penge. Kommer der aldrig mere.,1
Fulai Restaurant,KnorFromDenmark,6. november 2017,Fulai er kinesisk buffet restaura ,2
Fulai Restaurant,HannaA621,15. september 2017,"Hyggeligt ,rent, s√∏d betjening, og meget dejligt frisk lavet mad for en hver smag.
der blev fyldt op hele tiden. Der er meget b√∏rnevenligt :-)",4
Fulai Restaurant,Brian R,26. april 2017,"Meget bred buffet, fra det s√¶dvanlige kinesiske til tarteletter, frikadeller og fiskefileter. S√• der er noget for alle i familien. Sushien er forudsigeligt nok ikke noget at r√•be hurra for, fordi der skal laves mad i store m√¶ngder. Bedst af det hele er servicen: Jeg fik en glimrende modtagelse og opf√∏lgning. Og de g√∏r j√¶vnt gennem aftenen en stor indsats for at holde buffeten ren og frisk. F√• et bord p√• afstand af stegestationen, da madosen kan v√¶re ret kraftig.",3
Fulai Restaurant,Gert S,6. marts 2017,Den gamle NETTO i Silkeborg har f√•et noget andet p√• hylder ,3
Fulai Restaurant,Lilian A,28. januar 2017,"Vi var der i dag det var s√• kinesisk nyt√•r med ekstra retter stod der
Vi har aldrig oplevet noget s√• ringe
Der var ikke meget at v√¶lge imellem og det der var at tage var koldt
Det kan ikke m√•le dig med andre steder",1
Fulai Restaurant,martin1104,11. december 2016,"Jeg og min kone k√∏rte til Silkeborg for at spise p√• Fulai, efter anbefaling fra venner og famil ",4
Fulai Restaurant,Eigil Evan Stev... S,"February 10, 2020",When we where there the food was boring and uninteresting. Tasted of nothing more than the oil it was fried in,1
Fulai Restaurant,Plazeebo,"July 29, 2019",Went for the Mongolian barbecue. It was awesome. Paid less than a trip to McDonald's. What's not to like.,5
Fulai Restaurant,Doris F,"May 17, 2016","Fulai is an option when you want to eat cheap, get many possibilities and avoid the oily fastfood.
You choose yourself and service is kind.",3
Fulai Restaurant,Plazeebo,"September 13, 2015",Cheap and ok quality. The coffee is the only Thing that actually sucks. The food is very good at that price.  Friendly staff.,5
Landmad.dk Silkeborg,381bjarnea,27. januar 2020,"En dejlig butik med mange godt og forskellige madvarer, her er b√•de gode br√∏d, salater og m√ºsli blandinger.",4
Slusekiosken,W1750HQmichaelk,20. juni 2021,"K√∏bte 2 softice i b√¶ger til 90 kroner. 
De var godt nok sm√•  og man st√•r t√¶nker det m√• v√¶re en fejl. vi k√∏ber ikke is der mere.",1
Slusekiosken,Tanderups,16. august 2020,Dejlig is ved Guden√•en er et must hvis man er i Silkeborg en dag i solskin. Slusekiosken er vores foretrukne,4
Slusekiosken,B P,27. juli 2020,"Vi skal altid ind til Slusekiosken, n√•r vi er i Silkeborg. Enten for at f√• en hot dog eller en is eller m√•ske begge dele. 
Vi elsker at sidde og nyde livet og se p√• b√•dene og hvad der ellers sker.",5
Slusekiosken,Sejerpernille,24. april 2020,"Udem√¶rket softice og fantastisk hvis man er p√• kur. Come on, v√¶r nu lidt mere gavmilde. Godt nok valgte jeg en lille, men med drys smed jeg dog 39kr for den mindste softice jeg l√¶nge har k√∏bt. Min s√∏n havde advaret mig, han var der ugen f√∏r.",3
Slusekiosken,BennyN74,23. juni 2019,Hyggem√∏de med god veninde  .Fremragende kaffe.og flere slags √∏l.smagte flere.endvidere en toast.Travlt sted da derer kanoudlejning samme sted.,4
Slusekiosken,855JohnL855,15. maj 2019,"Slusekiosken ligger sk√∏nt ved havnen og Hjejlen i Silkeborg, og de styrer ogs√• kammerslusen der ligger lige ved siden af, som for√∏vrigt er den ene af de eneste 2 sluser vi har i danbmark, den anden ligge i Ri ",3
Slusekiosken,Michael A,24. april 2019,Var med mine b√∏rn nede for at f√• i for nylig. Men blev meget skuffet over den utrolig lille m√¶ngde is man f√•r for de over 100 DKK som vi betalte for 3  ,1
Slusekiosken,Vibeke C,3. august 2018,"Ingen sommer aften uden en god is . Hurtig betjening trods k√∏ .
Rigtig god isvaffel . Dejlig man kan sidde og nyde isen udenfor .
Kommer absolut igen........",5
Slusekiosken,Brian H,22. juli 2018,"Beliggendeheden er fantastisk, men skuffet over m√¶ngden af is for 47 kr - der var n√¶rmest ingen is i vaflen...",3
Slusekiosken,ViviAnnSK,27. juni 2018,"Fik en sk√∏n iskaffe ig√•r i kiosken - med l√¶kker chokolade is.
Den var mega god, og kan absolut anbefales.",5
Slusekiosken,426eddiem,"June 29, 2019","Ice cafe were more chocolate than coffee not as told
The ice cream was ok pineapple sorbet had not much taste, the lakrids was ok",2
Slusekiosken,lmsk2014,"April 2, 2018","Slusekiosken is situated right by the water, by the bridge over the river/rapids - and has lovely views of the water and marina. You can get traditional Danish ice-cream portions (served with a Danish speciality the ""guf"") - and some food, too.",3
Joe & The Juice,Ellersfan,4. marts 2020,"God sandwich og juice, god stemning og ditto betjening - men lige et tip til den unge kvindelige ekspedient: Brug handsker n√•r du h√•ndterer madvarer, der skal i munden og maven p√• andre mennesker - √•ret rundt naturligvis, men s√¶rligt i perioder hvor forskellige vira flyver rundt i luften. Det andet er alts√• hverken s√¶rlig hygiejnisk eller appetitligt! Og handskerne h√¶nger en meter fra madvarerne.",3
Joe & The Juice,Henriette L,4. august 2019,"Bes√∏gte Joe & The Juice for f√∏rste gang og bestilte en juice, jeg ikke kunne lide. Fik den byttet til en anden ub - supergod service!",3
Joe & The Juice,ChristianWFrost,23. juli 2019,Sk√∏nt som alle de andre Joe & The Juice. Dog er servicen her lidt over normalen. Venligt og im√∏dekomende personale. Kan s√• absolut anbefale at kigge ind forbi. Jeg kommer her selv flere gange i ugen...:),5
Joe & The Juice,H1286RBpeterb,3. februar 2019,Det var et hyggelig bes√∏g og prisen var rimelig vi havde en kupon og fik 2 ,4
Joe & The Juice,steen547,13. august 2018,"Her kommer vi ikke igen. Bes√∏gte stedet impulsivt med yngre kvindelig kollega. Tjeneren flirtede meget direkte med hende, og selv om hun ignorerede ham, s√• havde han ingen impati, s√• vi endte med at g√• f√∏r t ",1
Joe & The Juice,Pdahls,5. marts 2018,"Dette Joe og Juice sted er ligesom de andre i k√¶den. Men deres kvalitet er h√∏j, og deres mad er stor. S√• dybest set et godt sted.",4
kyllinge og burger express,Heidiaarhus,7. december 2018,"Rigtig gode Cheese burger og kylling m tilbeh√∏r. Cheese burger kan k√∏bes i forskellig st√∏rrelse. 100 g b√∏f svare til en almindelig burger. En 200 g b√∏f er en stor voksen b√∏f, og br√∏det er tilsvarende stort. Det er et godt br√∏d der bliver brugt. Man skal v√¶re godt sulten for den store. Fylder ca en almindelig middags tallerke ",5
Engesvang Pizza,johnbP912LO,26. juli 2020,"Super god mad. 
Vi fik pizza og en 1/2 grillkylling. 
Fantastisk s√∏d og smilende betjening. 
Der vil jeg helt sikkert spise igenüòÄüòÄ",5
Engesvang Pizza,Heidi V,20. december 2016,"Vi f√•r altid gode pizza'er ved Engesvang Pizza. De leverer ogs√• en super service, man bliver altid m√∏dt med et smil.",4
Engesvang Pizza,237stinnec,4. juli 2015,"Da jeg er allergisk overfor tomat, s√• kr√¶ver det sin pizzamand ikke at komme tomatsovs p√• en pizza. Men det har de ikke noget problem med i engesvang. Er super tilfreds med deres betjening og deres pizzaer er rigtig gode :)",4
Tehusbakken,madshjorth,2. juli 2019,Dette er et af de smukkeste steder jeg har oplevet. Fantastisk lokation for jeres bryllup eller anden st√∏rre fes ,5
Tollundgaard Golf Caf√©,774King,9. december 2019,"Jeg spiste der med en kammerat efter en runde golf. Der var kun os, og en ung kvinde stod i k√∏kkenet. Super service, l√¶kker mad, og √∏llene kunne hun sk√¶nke med omtanke:-) kommer gerne igen",4
Tollundgaard Golf Caf√©,BenteEngesvangDK,3. april 2018,"For tredje gang havde jeg inviteret familie til p√•skebuffet p√• Tollundgaard. Det var igen en god oplevelse med mange l√¶kre retter,- b√•de kolde, lune og s√∏de ",4
Tollundgaard Golf Caf√©,BenteEngesvangDK,24. maj 2016,"Tollundg√•rd ligger i smukke omgivelser vest for Silkeborg. Jeg var til et stort f√∏dselsdagsselskab med omkring 60 g√¶ster. Bordene var smukt pyntet, og buffeten bestod af mange meget l√¶kre specialiteter, s√• der var noget for enhver smag. Da vejret var fint, var der mulighed for pauser og kaffen udenfor, hvor der er kik til golfbanen.",4
Woodys Silkeborg,LAK74,17. oktober 2020,Make sure to stop here for a coffee or milkshake on your way walking around the lakes. There are benches where you can soak up the sun and enjoy the beautiful view,5
"Burger Shack, Silkeborg",Charlotte123452w,23. februar 2020,"B√•de mad, betjening og lokalet er rigtig godt. Der er intet negativt at sige om stedet overhovedet! :')",5
"Burger Shack, Silkeborg",Jimmy T,1. juni 2019,"Et sted jeg vil anbefale alle om at tjekke deres ordre inden de forlader stedet. F√•r du ikke det bestilte er der ikke noget at g√∏re. Udover at jeg ikke fik det jeg bestilte og betalte for, s√• var det koldt.",1
"Burger Shack, Silkeborg",Ida727,16. maj 2019,"S√∏de unge mennesker, men ingen dygtigh ",2
"Burger Shack, Silkeborg",LouiseJ2033,24. januar 2019,"Det smagte rigtig fint - f√∏rste gang jeg var der og ventede knap 10-13 minutter p√• maden, s√• det var godt :)",4
"Burger Shack, Silkeborg",normspan,11. november 2018,45 minutter det var hvad min t√•lmodighed rakte til inden jeg bad om at f√• mine penge tilbage... efter gentagende gange fors√∏g p√• at f√• min‚Äù fastfood‚Äú gav jeg op ... personalet var skam s√∏dt og smilende men planl√¶gning var en by i Rusland n√•r man gentagende gange ser kunder der er ankommet senere end dig f√• der mad f√∏r dig s√• f√•r man n ,1
"Burger Shack, Silkeborg",KnorFromDenmark,20. juli 2018,"Fremragende burger med pommes og drik til kr 85,-
Pommes frites var ogs√• gode.
Fin stemning og hurtig ekspedition
F√•es ikke bedre til prisen i Silkeborg",4
"BABBA - Food, Wine & Cocktails",Jensen5700,12. november 2021,"Hyggelig g√•rdhave og venlig betjening. Maden var sp√¶ndende og velsmagende. De mange sm√• retter kan sammens√¶ttes som man har lyst til, og der er mulighed for b√•de den lille appetit og den store appetit.",4
"BABBA - Food, Wine & Cocktails",mikemadglad,21. oktober 2021,Maden er af un√¶gtelig h√∏j kvalitet - s√¶rligt den velsmagende Babegenush og det fermenterede fladbr√∏d. Man f√•r fyldt op af de retter og dyppelse man m√•tte mangle s√• de anmeldelser som desv√¶rre g√•r om det fattige udbud er ganske uberettige ,4
"BABBA - Food, Wine & Cocktails",Thomas C,28. august 2021,"For en lille h√•ndfuld √•r siden gl√¶dede man sig til at bes√∏ge den gr√¶ske restaurant. Hele k√∏returen fra K√∏benhavn var med mundvand, men kvaliteten er droppet som en ste ",1
"BABBA - Food, Wine & Cocktails",299lenel,21. august 2021,"Det er en ommer! Fin g√•rdhave, men inkompetent betjening og alt for lidt for pengen ",2
"BABBA - Food, Wine & Cocktails",mikaelghansen,3. august 2021,"F√∏rste bes√∏g - pr√∏vede mandag, der var alt optaget. Stort set alle √∏vrige restsuranter i Silkeborg holder m√¶rkelogt nok lukket om mandagen, fandt vi ud  ",5
"BABBA - Food, Wine & Cocktails",40jho,23. juli 2021,Vi valgte vegetarmenuen med  10 retter. Mange forskellige l√¶kkerier fra det libanesiske k√∏kken og vi blev meget m√¶tte.,5
"BABBA - Food, Wine & Cocktails",KurtBuhl,18. juli 2021,"En noget hakkende oplevelse. M√•tte vente p√• menukort. Forretter og hovedret serveret samtidig. Restauranten var l√∏bet t√∏r for kartofler. Priserne var for h√∏je i forhold til kvaliteten. Personalet var servicemindet, men urutineret. Kommer ikke igen.",3
"BABBA - Food, Wine & Cocktails",HeidiO560,12. juli 2021,"Jeg er normalt ikke til den slags mad, men b√∏jede mig for familien. Vi fik en masse sm√• retter, som smagte godt og var lavet af gode r√•varer. Betjening var venlig, men der gik 45 min, inden vi fik desserten. Der var ret travlt. Gode drinks.",4
"BABBA - Food, Wine & Cocktails",christine_X6036RE,30. juni 2021,L√¶kre sm√• retter serveret af im√∏dekommende personale. Men alt for sm√• portioner og lidt for mange g√¶ster i forhold til antal tjenere.,3
"BABBA - Food, Wine & Cocktails",alexprh81,26. juni 2021,"F√∏rste gang jeg var p√• Babba, og det er ikke sidste gang. Det var godt, der var masser af velsmage i de mange sm√• retter vi fik. Servicen var god, hurtig og effektiv. Bestemt et sted du skal pr√∏ve, hvis du er i Silkeborg.",4
"BABBA - Food, Wine & Cocktails",ebn111,"June 25, 2021",Omgivelserne og betjening fejler bestemt ikke noget. Helt igennem et fantastisk sted. Aldrig f√∏r har jeg betalt s√• meget for...More,1
Isfarmen,Runevester,1. juli 2021,En lille skjult perle beliggende i privatbolig p√• sidevej Gjern √• sti. Laver semihjemmelavede is med Hansens is blandet med friske b√¶r p√• ismaskine. Dejlig cremede og friske is i vaffel eller b√¶ger til yderst rimelige 25 kr. Laver ogs√• sorbet. Kommer du fra Landal feriecenter s√• f√∏lg sti (kuperet) ned ved hytte nr. 250/252. Har skiftende √•bningstider og er √•ben sommers√¶son.,5
Kyllinge Specialisten,Tatherley,9. oktober 2019,"Dette sted serverer den bedste kylling og fries til at g√• i byen
Kyllingen er fugtig og saftig og har en stor drill og frites er meget gode",4
Cafe‚Äô K Silkeborg,nanna1701,21. juli 2021,Da vi ankom gik jeg ind og spurgte om en tjener ville rydde det ene bord der var udenfor. Han sagde: √•rh ja skal jeg nok. Det virkede top det var en byrde at vi skulle have hj√¶l ,1
Cafe‚Äô K Silkeborg,johnsommerbjerg,6. juli 2021,"Var forbi ifb frokost og da vi kig ind for at sp√∏rge efter et bord, fik vi ja, men samtidig (og inden vi satte) samtidigt besked om at k√∏kkenet havde meget travlt og der vil i hverfald g√• minimum en halv time inde vi kunne f√• server ",5
Cafe‚Äô K Silkeborg,Q3265APmartinl,6. maj 2021,"Personale som havde mere travlt med at snakke om fritid og snakkede meget h√∏jlydt ude I cafeen end f√• maden ud. 
Vente tid over 30 min selvom der n√¶sten ingen g√¶ster var. Burger og popfritter kom p√• forskellige tidspunkter 
Beskidt bord.",2
Cafe‚Äô K Silkeborg,437l_rkem,2. december 2020,"Virkelig d√•rlig mad. Fik en pariserb√∏f, som var n√¶sten r√• p√• et stykke toastbr√∏d, sim ikke var ristet eller sm√∏rstegt. N√¶sten ingen kapers eller r√∏dbeder og intet gr√∏nt pynt",1
Cafe‚Äô K Silkeborg,janhR1062QF,9. oktober 2020,"St√∏jende omgivelser fra personalets interne snakke og diskussioner med tilh√∏rende rumklang.
Sandwich ok, men b√∏r dog indtages med skarpere bestik, n√•r man v√¶lger grov br√∏d.",3
Cafe‚Äô K Silkeborg,silke395,17. august 2020,"Har netop nydt en fin lille morgenmadsbuffet (til absolut rimelig pris) p√• Cafe‚Äô K Tv√¶rgade i Silkeborg. Yoghurt med mysli og ahornsirup, 2 slags meget l√¶kkert hjemmebagt br√∏d, bl√∏dkogt √¶g, lun leverpostej m. spr√∏d bacon, 2 slags p√∏lse, 2 slags ost, 2 slags marmelade og nutella. Derudover ogs√• lid frisk frugt. Vi spiste ude i det dejlige sommervejr, hvor der var god plads mellem bordene. Blev serviceret af unge, s√∏de, kvikke Nan ",5
Cafe‚Äô K Silkeborg,linneanielsen01,4. august 2020,"Caf√©en var godt bes√∏gt, men akustikken var ikke den bedste, hvilket gjorde caf√©en st√∏jende. Der blev bestilt forskellige retter med kylling, men kyllingen var stegt til den sorte side. God service.",3
Cafe‚Äô K Silkeborg,Vacation794018,13. juli 2020,"Er man til pre-fabrikeret og mikrob√∏lgevarmet mad s√• er det lige stedet. Vi har sj√¶ldent f√∏lt os s√• snydt som tilf√¶ldet var da vi bes√∏gte caf√© K Silkeborg .. Til en brunch.. h√∏nsesalaten var ikke som lovet hjemmelavet - den kom fra en b√∏tte. √Üg og bacon tjaa.. √¶g var der, og s√• var der 1 styks bacon til deling der lige havde v√¶ret en tur i √∏nskebr√∏nden. Br√∏det der blev serveret havde st√•et uindpakket s√• var blevet h√•rd som sten. Og sidst men ikke mindst s√• skal deres papirstynde stykke brie ogs√• lige n√¶vnes .. helt igennem elendig Brunc ",1
Cafe‚Äô K Silkeborg,skipperdk2015,5. juni 2020,Hyggeligt lokale. Venlig betjening. Lidt lang ventetid. Fine pariserb√∏ffer med det hele. Udvalget af vin i glas for lille,4
Cafe‚Äô K Silkeborg,Birgit O,9. august 2019,"Frokost p√• Caf√© K i Silkeborg i dag, var en sk√∏n oplevelse. Dagens sommervejr gjorde det muligt at sidde ude og en tallerken med Seafood var frisk og meget velsmagende. S√∏d og venlig betjening fuldendte oplevelsen.",5
Cafe‚Äô K Silkeborg,426eddiem,"February 15, 2020","The burgers were great nothing to complaint on here
The shooting star fish sandwich had to much bread and thousand island dressing all over the food way to much
Lot of shrimps, to much of everything 
Beers were great
Only the fish sandwich drags it down to 3",3
Cafe‚Äô K Silkeborg,249liss,"August 6, 2019",The brunch was very nice - fresh and tasty. The coffee was good and strong and I could have a refill.,5
Dybkjaer Top Pizza og Grill,SimoneGari,22. september 2016,De har den bedste dressing og det s√∏deste personale. Pizzaerne er de bedste jeg har smagt i Silkeborg! Kan helt sikkert anbefales,5
Dybkjaer Top Pizza og Grill,dbn84,7. august 2016,Pizza nr  ,4
Dybkjaer Top Pizza og Grill,dbn84,8. maj 2016,"Pizza, den var go. Intet ondt sagt. Det var som levering, eneste minus var leveringstiden p√• 1t og 15m. De kom indenfor den n√¶vnte leveringstid.",4
Dybkjaer Top Pizza og Grill,Therence M,23. april 2015,altiders pizza! perfekt aldrig f√•et bedre pizza! Mmmm...............................................,5
Dybkjaer Top Pizza og Grill,2bass,22. december 2011,"Gode og sp√¶ndende varianter. Man kan smage at alle r√•varerne er i top kvalitet. Betjeningen er altid venlig. og ikke mindst, s√• ser hygiejnen ud til at v√¶re i top.",5
Cafe Tvaergade,camilla1996,29. oktober 2021,T√∏rstegt fish and chips og lunkent is tea sammen kombination af d√•rlig service. Medarbejderne ville hellere snakke med deres veninder der kom ind p√• caf√©en,1
Cafe Tvaergade,A9Fisker,18. august 2021,"Alt for dyrt i forhold til kvaliteten. 2 par til frokost, 2 pariserb√∏f til 145 pr. Stk. kedelig og smagsl√∏st, pastaret med tigerrejer, hvor man selv skal pille tarmen ud et stykke kartoffelsm√∏rrebr√∏d til 75 kr. p√• st√∏rrelse med et stykke sm√∏rrebr√∏d fra en almindelig sm√∏rrebr√∏dsbiks til 15  ",1
Cafe Tvaergade,515benteb,13. august 2021,Frokost bestod af pariser b√∏f ..l√¶kre pommefrite ..bruschetta helt i top ..dog efterlyste jeg en mildere aioli da chili i den var s√• st√¶rk jeg ikke kunne spise den ‚Ä¶der var ingen hj√¶lp at hente ved serveringspersonalet ( det var uheldigt at de havde travlt med at tale privat ved baren det meste af vores bes√∏g ) d 13 august ca kl 1 ,4
Cafe Tvaergade,29kjeldg,15. juli 2021,"Udm√¶rket, men dog gennemsnitlig frokost oplevelse. Prisen m√•ske lidt i overkanten i forhold til kvaliteten. Deres sm√∏rrebr√∏d udvalg er yderst beskeden og ikke deres spidskompetence, m√•ske de bare burde holde sig fra den disciplin.",3
Cafe Tvaergade,marianne591,30. november 2020,"En skam jeg ikke kan give en ekstra stjerne, men den kommer her.‚≠êÔ∏è‚≠êÔ∏è‚≠êÔ∏è‚≠êÔ∏è‚≠êÔ∏è‚≠êÔ∏è Virkelig hyggelig og l√¶kker cafe mad til gode priser. Har spist der b√•de til frokost og aften og de nye ejere g√∏r det rigtig godt ü§©",5
Cafe Tvaergade,J2757RNbente,21. november 2020,Caf√© Tv√¶rgade er blevet fantastisk efter de har f√•et nye ejere her i november m√•ned (2020). De d√•rlige anmeldelser der kom under tidligere ejer kommer ikke l√¶ngere til sin ret. Alt er lavet om siden de nye kom til. God mad og sk√∏n service. Kommer helt sikkert forbi igen,5
Cafe Tvaergade,Lars A,8. november 2020,"Hyggeligt lille sted. Rigtig god mad, men service kunne blive bedre. Rigtig god ide med guld/s√∏lvkortet.",4
Cafe Tvaergade,emmelieannt,12. oktober 2020,"Min k√¶reste og jeg skulle have take away og bestilte over telefon. Jeg kommer ned til restauranten for at afhente det, og har selvf√∏lgelig glemt mundbind. Jeg skal s√• betale 2 kroner for et mundbind, som er s√• tyndt, at jeg kan se igennem det. Derudover bestilte jeg s√• ekstra br√∏d til maden. Ekstra br√∏d (et halvt stykke ciabatta) betalte jeg s√• 10 kroner for - ikke engang br√∏d s√• der er 2 stykker til hver, nejnej. Vi m√• deles. Vi g√•r s√• i gang med at spise, og min k√¶reste finder s√• et forholdsvist langt h√•r i hans mad - han har selv h√¶ldt det ud af b√∏tten det kom i, jeg har ikke v√¶ret i n√¶rheden, og hans h√•r er 4 mm langt. Gad vide hvis h√•r det s√• var .. derudover st√•r der at man f√•r 10% p√• takeaway, men det fik vi heller ikk ",1
Cafe Tvaergade,Kagersnap,23. juli 2020,"Meget skuffende mad! 
Lang ventetid p√• maden. Meget dyre priser.
Alt maden var f√¶rdiglavede produkter rystet ud af frostpose. Sm√• portioner..
Caf√©en ser hyggelig ud fra gaden, men kan ikke anbefales!",1
Cafe Tvaergade,taush2015,12. februar 2020,"De har fors√∏gt med lidt engelsk cocktail lounge stil, men det er alligevel ikke noget s√¶rligt sp√¶ndende sted, men den brunch vi fik serveret, var der ikke en finger at s√¶tte p√•. L√¶kkert, indbydende og rigeligt. Venlig og effektiv betjening. Hvad kan man s√• forlange mere, til en hurtig gang shoppe brunch? ",3
Cafe Tvaergade,stevlee78,"April 23, 2019","I had two visits in April, first time I chose the Caesar salad and it was perfect, absolute bowl full of chicken, bacon and salad, my friend had a pasta dish and it also looked good 
I don‚Äôt think either meal needed a side of bread but when in Denmark you often get carbs with your carbs 

The second visit I had a burger, named after the restaurant and it was also very nice, my friend had the Caesar salad, must have been jealous when she saw mine last time 
My burger came with roast potatoes instead of chips which was a nice change, there weren‚Äôt any left at the end 

We had a couple of hot chocolates with cream to finish and both visits were 300 & 400kr respectively 

So I think it was also pretty good value 

I didn‚Äôt take any photos (a bit cringe on a date) but overall very recommended place to eat 

It was also quiet as midweek and the staff were friendly, polite and helpful",5
Cafe Tvaergade,MonicaVHaga,"August 2, 2018","Again we ended up having lunch at Tv√¶rgade cafe. 
Good food.
Quick service.
Nice coffee and OK selection of other drinks.",4
Cafe Tvaergade,louisedX8004OW,"July 7, 2018","A really cosy place with some lovely food.
The queen brunch is the best.
Prices are expensive but it is Danemark !",4
Cafe Tvaergade,Pdahls,"March 4, 2018","Nice cafe with the proper selections of food. The place is very modern, and kid friendly. Their prices are normal.",4
Cafe Tvaergade,PEMtheDane,"January 28, 2014","We met friends here for brunch on a Sunday morning. 

Both couples chose the 'Queen's Taffel' and the 'King's Taffel'. Both came with loads of food - all cooked well and beautifully presented on the large plates. There was free re-fills of coffee and tea and a choice of a complimentary organic juice. 

We thoroughly enjoyed the meal and spent a good 2.5 hours eating and chatting. 

The service could have been slightly more attentive but there was only one waitress to a full restaurant.",4
pizza pasta palece,Vigg0H,18. oktober 2016,"Fint og reelt mad, bragt til d√∏ren indenfor rimelig tid. Vi har f√•et derfra flere gange, pitza, burger og kylling, alt i bedste kvalitet.",4
pizza pasta palece,455hasa,18. oktober 2016,Super godt mad de laver pizza er super s√• kun posevtivt oplevelse .kan kun anbefales deres gorme pizza er noget speciale og deres burger er hjemme lavet s√• det skal i pr√∏ve det er en oplevelse,5
pizza pasta palece,Bente M,3. august 2016,"Rigtig god im√∏dekommende betjening. Pizza laves efter eget √∏nske og er virklige gode. grilretter & tilbeh√∏r smager vidunderligt, samt der er levering ud af huset hvid man f√•r g√¶ster",4
pizza pasta palece,706emila,10. oktober 2015,Et fantastisk spisested med super betjening. Pizzaen er god og med en l√¶kker skorpe. Betjening er venlig og im√∏dekommende og snakker gerne om alt mellem himmel og jord mens man venter. Helt klart et sted jeg kan anbefale.,5
pizza pasta palece,Taafsted,21. maj 2015,"De laver de bedste pizzaer jeg nogensinde har smagt. 
Afslappet og venlig betjening.
Virkelig en god pizza oplevelse.",5
pizza pasta palece,pilaug,12. oktober 2014,"Det er b√•de den bedste hakkeb√∏f med tilbeh√∏r, oksefilet og ikke mindst pizza vi har f√•et leveret - og vi bestiller 3-4 gange pr. m√•ned. Det lyder m√•ske ikke som noget s√¶rligt men man transporterer maden fra Sejs til Virklund og kvaliteten er helt i top.",5
pizza pasta palece,455hasa,12. september 2014,Super gode pizza og mad fra pizza pasta palece kan kun anbefale det ris ros til jer fra os med venlig hilsen memo Marianne,5
pizza pasta palece,Morten R,9. maj 2016,Dette er kun en take-away sted. Maden er ok - ikke mere. Personalet er venligt og clininess fint.,3
Sunset Boulevard,254majbrittb,12. juli 2020,"Ikke et sted jeg kommer igen. Det unge personale gjorde hvad de kunne, men der er √•benbart ikke tid til at holde stedet rent. Borde var ikke t√∏rret af, der l√• affald p√• gulvet, mgl opfyldning af servietter mm.",1
Sunset Boulevard,814famg,29. juni 2020,"Dejlige saftige burgere.
Super frisk betjening, burgeren var helt perfekt, med dejligt spr√∏dt br√∏d. 
God stemning. 
Supert bes√∏güëç",5
Sunset Boulevard,Gert_Flensborg,21. december 2019,Fastfood i den bedre ende. Helt klart den bedste fastfoodk√¶de indenfor burgere og sandwich. Is√¶r synes jeg at deres br√∏d er rigtig godt og bidrager til en god oplevelse.,4
Sunset Boulevard,AERind,18. februar 2017,"Det er super fastfood med et lidt sundere indhold.
Alt smager rigtigt godt og det er super godt br√∏d og fritter.",5
Sunset Boulevard,527thomast,12. december 2016,mit f√∏rste bes√∏g p√• sunset et sk√∏nt indrettet sted og deres burger vi fik var den st√¶rke udgave som var kanon,5
Sunset Boulevard,LAI1976,2. august 2016,"Har bes√∏gt stedet flere gange, prim√¶rt fordi mine b√∏rn er glade for stedet. Maden er frisktilberedt og udem√¶rket. Betjeningen er ikke specielt hurtig. Det der tr√¶kker ned er prim√¶rt den manglende reng√∏ring i restauranten. Oftest skal man selv lige g√∏re bordet rent med et par servietter inden man kan s√¶tte sig.",3
Sunset Boulevard,PiaSkadhede,27. juli 2016,"Dejlig frisk og velsmagende mad serveret af en empatisk yngre kvinde, som var meget opm√¶rksom p√• faldgruberne for kunder med glutenallergi, som i dette tilf√¶lde var mig. Hun viste mig deklarationer p√• majon√¶se og krydderi p√• eget i intiativ. Hun tilb√∏d mig en salat med ren tun og kylling med gr√∏nt p√• eget initiativ, der var en mindre afstikker fra det almindelige konceptmenukort. Slutteligt informerede hun mig om, at jeg en anden gang sagtens kan medbringe min egen glutenfri bolle, hvis jeg √∏nsker en burger. Virkelig over alt forventning. Sk√∏nt. ",5
Sunset Boulevard,famg2014,30. marts 2016,Var forbi for en hurtig frokost inden tur til Himmelbjerg ,3
Sunset Boulevard,xchristiansen,20. marts 2016,"God mad, en rigtig fin service, fyren der arbejdede der kom endda ned med maden til os. Dog synes jeg at musikken er lige lovlig h√∏j derinde. Men ellers fint!",3
Sunset Boulevard,Mark H,19. februar 2016,"Deres bearnaise burger er virkeligt l√¶kker! Den har alt som man kan √∏nske sig i en burger, og mere til!",4
Sunset Boulevard,MaaikeD220,"January 27, 2019","I orderd a hummus vegetarian burger, but I ended up with a chicken burger. I was already home when I noticed so couldn‚Äôt go back to change. Burger and fries were nice but not what I payed for.",2
Sunset Boulevard,Pdahls,"March 5, 2018","This chain is nice and the food is fast food, but with a better quality then the rest. Really good burgers and sandwiches.",4
Sunset Boulevard,Michael H,"April 1, 2017","I ordered meals for the family well in advance on the internet for a specific time, went to pick it up at the time it was ordered for....and waited and waited and waited and waited...... 

I ended up standing and waiting 45 minutes after the time point for which the food was pre-ordered. It is simply not OK, and I suggest they terminate the possibility for pre-ordering on the internet when they obviously cannot handle it.",1
Sunset Boulevard,Kokkepiken,"July 28, 2016","The music was intens, annoying and horrible. The food was good, bbq hamburger and it came fast. I actually ordered bbq hamburger with pommes but without soda because i wanted a cup of horrible coffee instead, but i didnt get any pommes because she didnt click it in and ""forgot"". Only one person was working, the others was only standing there doing nothing. So good work, Emma, the chef at sunset, the only one who can work. Atleast it seems like it.",3
Le Gateau,Scenic291225,10. februar 2021,"Det er en fest p√• denne tid af √•ret, hvor det er muligt at k√∏be fastelavnsbolle med fl√∏de, nougat og syltet√∏j. 
Det smager s√• englene syngerü§©ü§©ü§©ü§©ü§©",5
Le Gateau,arneoves,22. januar 2020,God bager med l√¶kre kager og dejligt koldh√¶vet br√∏d. Men indenfor kun 3 barstole ved vinduet - kan n√¶ppe kaldes en caf√©!,3
Le Gateau,Kim D,23. juni 2019,"Udvalget i vore Le Gateau i Ry er super og derfor ville jeg idag gerne k√∏be nogle kager og br√∏d. Jeg ankom til butikken kl 11.52 og butikken reklamerer med at de har √•bent til kl. 12.00 om s√∏ndagen. Jeg tog i d√∏ren indtil butikken som til min overraskelse var lukket. Jeg kiggede ind og s√• at personalet stadig var derinde. Jeg gjorde tegn til personalet at klokken ikke var 12 endnu og at de gerne m√•tte √•bne. Damen i butikken gjorde som om jeg ikke eksisterede og fortsatte med at pakke br√∏det v√¶k fra disken. Sammen med mig var der nu ankommet 3 andre kunder der ligesom mig var godt tr√¶tte af den service....! Nu skal de sm√• butikker ikke komme og sige at de store butikker tager alle kunderne og at de sm√• ikke kan eksisterer i de sm√• lokale bysamfund.... Hvis det er hvad de sm√• butikker og i dette tilf√¶lde La Gateau i Ry kan komme op med, forst√•r jeg godt de ikke kan overleve. for mig er kl 12.00 kl. 12.00 og ikke et sekund f√∏r. Det er trods alt stadig kunderne man skal leve af.",2
Le Gateau,Gunnar G,21. marts 2019,Det blev en dejlig oplevelse at sidde udenfor en formiddag i den endnu ikke s√¶rlig st√¶rke marts-sol og nyde en Sarah Bernhardt og en cafe latte.,4
Le Gateau,J. K,18. januar 2018,"Jeg har handlet i le Gateau lige siden butikken √•bnede, i dag ligger den hvor Langhoff  ",4
Le Gateau,annemettef2016,8. august 2017,"Le Gateau findes ogs√• i Ry. L√¶kker butik med et stort udvalg af br√∏d og kager for den lidt mere kr√¶sne. Engageret og meget god betjening af en ung pige, der ogs√• hurtigt gav tip til den gode vandretur og udsigter i omr√•det.",5
Le Gateau,82olen,17. maj 2017,"Dette er en rigtig god bager butik hvor du kan f√• en kop kaffe ved en 'bar' i vinduet.du kan k√∏be en kage til kaffen. Det er undertiden lidt hektisk n√•r der er mange kunder. Betjeningen venlig. Ikke s√• hyggeligt pga butikken, og de store pap-krus til en espresso",3
Le Gateau,LN1946,8. april 2017,Le G√¢teau er prim√¶rt en eksklusiv bagerforretni ,4
Okkels is,325ulrichs,2. maj 2021,"Fik en vaffel med to kugler, en chokolade og en jordb√¶r. Vaflen var god, men isen var skuffende. Kan slet ikke sammenlignes med det is man f√•r i Italien. Chokoladeisen var uden smag af chokolade, og jordb√¶risen virkede mere som softice.",3
Okkels is,Simonsorensen9,13. december 2018,"Fantatisk restaurant med god is, men rummet i restauranten er lidt lille, s√• det kan is√¶r om sommeren blive lidt presset. Men fin betjening og service",5
Okkels is,madshjorth,17. august 2018,"Her f√•r du den helt rigtige italienske is. Smagen er suver√¶n, prisen er rimelig i forhold til st√∏rrelsen p√• ise ",5
B√∏llings√∏ Bryghus,johnbP912LO,8. august 2020,"Fantastisk √∏l og hyggelig stemning p√• b√∏llings√∏ bryghus. 
Masser af forskellige √∏l at smage. 
Helt klart et bes√∏g v√¶rd.",5
B√∏llings√∏ Bryghus,381bjarnea,8. januar 2017,"Vi bes√∏gte B√∏llings√∏ Bryghus samtidig med vi havde bestilt mad fra Korsh√∏js K√∏kken p√• den anden side af gaden. Super hyggeligt og her kommer vi igen, kan klart anbefales.",5
B√∏llings√∏ Bryghus,381bjarnea,18. maj 2016,"Hver fredag kan der kombineres mad fra Korsh√∏js K√∏kken, som ligger skr√•t overfor (maden skal bestilles i forvejen) med bryggeriets dejlige √∏l. helt klart et bes√∏g v√¶rd. Jeg kommer igen",4
B√∏llings√∏ Bryghus,Jens R,10. april 2016,"Hyggeligt bryghus drevet af ildsj√¶le med k√¶rlighed til √∏llet.
Mange forskellige √∏l (+15). Kun h√•ndlavede!
God introduktion fra det frivillige personale, da vi bestilte 10 forskellige ¬Ωl √∏l til den fine pris af 400 kr.",4
B√∏llings√∏ Bryghus,Fbp74,31. juli 2015,B√∏llings√∏ Bryghus er et hyggeligt sted med god stemning og et v√¶ld af godt brygget √∏l. Mulighed for en bid mad fra Korsh√∏j k√∏kken p√• den anden side af gaden.,5
B√∏llings√∏ Bryghus,237stinnec,4. juli 2015,At tage p√• B√∏llings√∏ Bryghus er en oplevelse. Der er en hyggelig atmosf√¶re og betjeningen er i top. Man f√•r altid en god snak og et smil med p√• vejen ,5
